file,status
1/1.c,data race
3/1.c,data race
5/1.c,data race
6/1.c,data race
7/1.c,pass
8/1.c,pass
9/1.c,data race
10/1.c,data race
11/1.c,data race
13/1.c,data race
14/1.c,data race
16/1.c,data race
17/1.c,data race
18/1.c,data race
19/1.c,data race
20/1.c,data race
22/1.c,data race
23/1.c,data race
24/1.c,data race
25/1.c,pass
28/1.c,data race
29/1.c,data race
31/1.c,data race
33/1.c,data race
35/1.c,data race
37/1.c,data race
39/1.c,data race
59/1.c,pass
65/1.c,pass
74/1.c,data race
77/1.c,pass
79/1.c,pass
80/1.c,data race
81/1.c,pass
84/1.c,data race
85/1.c,pass
88/1.c,data race
89/1.c,data race
90/1.c,data race
91/1.c,pass
92/1.c,data race
97/1.c,pass
98/1.c,pass
99/1.c,pass
102/1.c,pass
104/1.c,pass
105/1.c,pass
106/1.c,data race
107/1.c,pass
109/1.c,data race
110/1.c,pass
111/1.c,data race
114/1.c,data race
115/1.c,data race
116/1.c,data race
117/1.c,pass
122/1.c,pass
129/1.c,pass
130/1.c,pass
131/1.c,pass
132/1.c,pass
133/1.c,pass
134/1.c,data race
135/1.c,pass
136/1.c,data race
137/1.c,pass
138/1.c,pass
139/1.c,pass
140/1.c,pass
141/1.c,pass
144/1.c,pass
145/1.c,pass
146/1.c,pass
147/1.c,pass
148/1.c,data race
151/1.c,data race
153/1.c,data race
157/1.c,data race
164/1.c,data race
165/1.c,data race
166/1.c,pass
167/1.c,pass
168/1.c,data race
169/1.c,data race
172/1.c,pass
173/1.c,data race
174/1.c,pass
175/1.c,data race
176/1.c,data race
177/1.c,data race
182/1.c,pass
183/1.c,data race
192/1.c,pass
193/1.c,pass
194/1.c,pass
195/1.c,data race
196/1.c,pass
197/1.c,data race
