file,stataus
1/1.c,pass
3/1.c,pass
5/1.c,pass
6/1.c,pass
7/1.c,pass
8/1.c,pass
9/1.c,pass
10/1.c,crash
11/1.c,pass
13/1.c,pass
14/1.c,bug
16/1.c,bug
17/1.c,bug
18/1.c,pass
19/1.c,bug
20/1.c,pass
22/1.c,pass
23/1.c,bug
24/1.c,bug
25/1.c,crash
28/1.c,crash
29/1.c,pass
31/1.c,pass
33/1.c,pass
35/1.c,bug
37/1.c,pass
39/1.c,pass
59/1.c,pass
65/1.c,pass
74/1.c,bug
77/1.c,pass
79/1.c,crash
80/1.c,bug
81/1.c,pass
84/1.c,pass
85/1.c,crash
88/1.c,bug
89/1.c,bug
90/1.c,pass
91/1.c,crash
92/1.c,pass
97/1.c,crash
98/1.c,crash
99/1.c,crash
102/1.c,crash
104/1.c,pass
105/1.c,crash
106/1.c,crash
107/1.c,crash
109/1.c,bug
110/1.c,pass
111/1.c,pass
114/1.c,pass
115/1.c,pass
116/1.c,crash
117/1.c,crash
122/1.c,crash
129/1.c,crash
130/1.c,crash
131/1.c,crash
132/1.c,crash
133/1.c,crash
134/1.c,crash
135/1.c,crash
136/1.c,crash
137/1.c,crash
138/1.c,crash
139/1.c,bug
140/1.c,bug
141/1.c,pass
144/1.c,crash
145/1.c,crash
146/1.c,crash
147/1.c,crash
148/1.c,crash
151/1.c,crash
153/1.c,crash
157/1.c,crash
164/1.c,crash
165/1.c,crash
166/1.c,crash
167/1.c,crash
168/1.c,crash
169/1.c,pass
172/1.c,pass
173/1.c,crash
174/1.c,crash
175/1.c,crash
176/1.c,crash
177/1.c,crash
182/1.c,pass
183/1.c,bug
192/1.c,pass
193/1.c,pass
194/1.c,pass
195/1.c,pass
196/1.c,pass
197/1.c,pass
