id,file,plabel
1,DRB001-antidep1-orig-yes.c,Y1
3,DRB003-antidep2-orig-yes.c,Y1
5,DRB005-indirectaccess1-orig-yes.c,Y7
6,DRB006-indirectaccess2-orig-yes.c,Y7
7,DRB007-indirectaccess3-orig-yes.c,Y7
8,DRB008-indirectaccess4-orig-yes.c,Y7
9,DRB009-lastprivatemissing-orig-yes.c,Y2
10,DRB010-lastprivatemissing-var-yes.c,Y2
11,DRB011-minusminus-orig-yes.c,Y3
13,DRB013-nowait-orig-yes.c,Y3
14,DRB014-outofbounds-orig-yes.c,Y6
16,DRB016-outputdep-orig-yes.c,Y1
17,DRB017-outputdep-var-yes.c,Y1
18,DRB018-plusplus-orig-yes.c,Y1
19,DRB019-plusplus-var-yes.c,Y1
20,DRB020-privatemissing-orig-yes.c,Y2
22,DRB022-reductionmissing-orig-yes.c,Y2
23,DRB023-reductionmissing-var-yes.c,Y2
24,DRB024-sections1-orig-yes.c,Y3
25,DRB025-simdtruedep-orig-yes.c,"Y1,Y4"
28,DRB028-taskdependmissing-orig-yes.c,Y3
29,DRB029-truedep1-orig-yes.c,Y1
31,DRB031-truedepfirstdimension-orig-yes.c,Y1
33,DRB033-truedeplinear-orig-yes.c,Y1
35,DRB035-truedepscalar-orig-yes.c,Y1
37,DRB037-truedepseconddimension-orig-yes.c,Y1
39,DRB039-truedepsingleelement-orig-yes.c,Y1
59,DRB059-lastprivate-orig-no.c,N2
65,DRB065-pireduction-orig-no.c,N7
74,DRB074-flush-orig-yes.c,Y2
77,DRB077-single-orig-no.c,N1
79,DRB079-taskdep3-orig-no.c,N3
80,DRB080-func-arg-orig-yes.c,Y6
81,DRB081-func-arg-orig-no.c,N6
84,DRB084-threadprivatemissing-orig-yes.c,Y2
85,DRB085-threadprivate-orig-no.c,N2
88,DRB088-dynamic-storage-orig-yes.c,Y2
89,DRB089-dynamic-storage2-orig-yes.c,Y2
90,DRB090-static-local-orig-yes.c,Y2
91,DRB091-threadprivate2-orig-no.c,N2
92,DRB092-threadprivatemissing2-orig-yes.c,Y2
97,DRB097-target-teams-distribute-orig-no.c,N2
98,DRB098-simd2-orig-no.c,"N1,N2"
99,DRB099-targetparallelfor2-orig-no.c,"N1,N5"
102,DRB102-copyprivate-orig-no.c,N2
104,DRB104-nowait-barrier-orig-no.c,N3
105,DRB105-taskwait-orig-no.c,N3
106,DRB106-taskwaitmissing-orig-yes.c,Y3
107,DRB107-taskgroup-orig-no.c,N3
109,DRB109-orderedmissing-orig-yes.c,Y3
110,DRB110-ordered-orig-no.c,N3
111,DRB111-linearmissing-orig-yes.c,Y2
114,DRB114-if-orig-yes.c,Y1
115,DRB115-forsimd-orig-yes.c,"Y1,Y4"
116,DRB116-target-teams-orig-yes.c,Y3
117,DRB117-taskwait-waitonlychild-orig-yes.c,Y3
122,DRB122-taskundeferred-orig-no.c,N6
129,DRB129-mergeable-taskwait-orig-yes.c,Y2
130,DRB130-mergeable-taskwait-orig-no.c,N2
131,DRB131-taskdep4-orig-omp45-yes.c,Y3
132,DRB132-taskdep4-orig-omp45-no.c,"N1,N3"
133,DRB133-taskdep5-orig-omp45-no.c,N3
134,DRB134-taskdep5-orig-omp45-yes.c,Y1
135,DRB135-taskdep-mutexinoutset-orig-no.c,N3
136,DRB136-taskdep-mutexinoutset-orig-yes.c,"Y1,Y6"
137,DRB137-simdsafelen-orig-no.c,N1
138,DRB138-simdsafelen-orig-yes.c,Y6
139,DRB139-worksharingcritical-orig-no.c,N1
140,DRB140-reduction-barrier-orig-yes.c,Y3
141,DRB141-reduction-barrier-orig-no.c,N3
144,DRB144-critical-missingreduction-orig-gpu-yes.c,"Y3,Y5"
145,DRB145-atomiccritical-orig-gpu-no.c,"N2,N5"
146,DRB146-atomicupdate-orig-gpu-no.c,"N1,N3,N5"
147,DRB147-critical1-orig-gpu-no.c,"N1,N5"
148,DRB148-critical1-orig-gpu-yes.c,"Y3,Y5"
151,DRB151-missinglock3-orig-gpu-yes.c,"Y3,Y5"
153,DRB153-missinglock2-orig-gpu-yes.c,"Y2,Y5"
157,DRB157-missingorderedsimd-orig-gpu-yes.c,"Y4,Y5"
164,DRB164-simdmissinglock1-orig-gpu-yes.c,"Y3,Y5"
165,DRB165-taskdep4-orig-omp50-yes.c,Y3
166,DRB166-taskdep4-orig-omp50-no.c,N1
167,DRB167-taskdep4-orig-omp50-no.c,N1
168,DRB168-taskdep5-orig-omp50-yes.c,Y1
169,DRB169-missingsyncwrite-orig-yes.c,Y1
172,DRB172-critical2-orig-no.c,"N2,N3"
173,DRB173-non-sibling-taskdep-yes.c,Y6
174,DRB174-non-sibling-taskdep-no.c,N3
175,DRB175-non-sibling-taskdep2-yes.c,Y6
176,DRB176-fib-taskdep-no.c,N3
177,DRB177-fib-taskdep-yes.c,Y6
182,DRB182-atomic3-no.c,N3
183,DRB183-atomic3-yes.c,Y3
192,DRB192-critical-section3-no.c,"N2,N3"
193,DRB193-critical-section3-yes.c,Y3
194,DRB194-diffusion1-no.c,N1
195,DRB195-diffusion1-yes.c,Y3
196,DRB196-diffusion2-no.c,N1
197,DRB197-diffusion2-yes.c,Y2
